feature,cluster,feature_dissatisfaction,feature_satisfaction,feature_neutral,feature_frequency,survey
delivery service,1,0.396700084,0.570228121,0,9,1
whole day,1,0,0.367137328,0,2,2
poor service,0,0.417857012,0,0,3,2
be prepared,0,1,0,0,2,3
low pay,3,0.042805313,0,0,1,1
first time,1,0.007658149,0.465254733,0,16,1
last time,0,0.248949639,0.011713393,0.705635973,6,3
first order,1,0.172366146,0.487981866,0,5,2
store close,3,0.091241844,0,1,2,1
same price,2,0.069898984,0.109001385,0,3,2
poor service,0,0.275585407,0,0,3,2
be nice,1,0,0.943344655,0,6,1
star review,3,0,0.038772808,0.778581367,2,2
re order,2,0.091091762,0.073756564,0.691168925,9,3
have drive,1,0,0.487275331,0,2,1
uber eats,2,0.159870766,0.238812236,0.336678072,109,2
extra money,2,0.162332857,0.291168084,0,2,1
say sorry,0,0.207121786,0.101741349,0,2,2
grub hub,2,0.09236465,0.092309498,0.602806626,17,1
ur food,2,0.110369831,0.086274095,0.409380077,31,1
delivery fee,2,0.024983772,0.067574177,0.450996384,23,3
few time,2,0.106409161,0.128600269,0,3,2
pizza place,1,0,0.691434129,0,2,2
be careful,3,0.129360379,0,0,3,1
pizza place,1,0,0.633820815,0,2,2
uber eats,2,0.108378938,0.161894618,0.228239426,109,3
have multiple,3,0.086541349,0,0.474241563,2,2
second time,3,0.057276087,0,0.627739251,6,3
be good,1,0,0.689529942,0,4,1
re order,2,0.054462035,0.044097649,0.413236776,9,3
confirm order,0,0.364777154,0,0.461297906,2,3
delivery fee,2,0.01934805,0.052331112,0.349262743,23,3
hour late,3,0.110392301,0.000981909,0.332729869,8,2
ur food,2,0.074707401,0.05839742,0.277102187,31,2
delivery driver,2,0.042497598,0.197368005,0.30486681,11,1
lose customer,0,0.401372884,0,0,1,3
have drive,2,0,0.25727553,0,2,1
be honest,1,0,0.413981781,0,1,2
be deliver,2,0.017950235,0.081003372,0.311475934,10,3
need help,2,0,0.257776482,0.388223038,2,3
arrival time,2,0.007839602,0.102691493,0.257763387,3,3
be good,1,0,0.561239656,0,4,1
quality food,1,0,1,0,1,3
be good,1,0,0.54994921,0,4,1
say help,2,0,0.245848583,0.370259082,2,1
first time,2,0.002646928,0.160808578,0,16,2
contact uber,2,0,0.095535596,0,1,3
bottom line,0,0.321127415,0.101266877,0,2,2
uber eats,2,0.075661154,0.113021348,0.159337771,109,1
original order,2,0,0.171989031,0,2,3
delivery fee,3,0.014596209,0.039478699,0.263484537,23,3
grub hub,2,0.048414565,0.048385656,0.315971755,17,3
do anything,2,0.07453569,0.059363,0.217457143,18,1
next time,2,0,0.08338502,0,1,1
first place,2,0.023905876,0.139175433,0,4,2
do anything,2,0.071770934,0.057161046,0.209390996,18,3
food quality,1,0,0.457666712,0,1,3
many time,2,0,0.313256685,0,7,1
hour wait,2,0.013998349,0.071308743,0.153420273,4,1
group order,2,0,0.162675237,0,1,3
missing item,3,0.104061124,0.009511851,0.030618913,20,3
get money,0,0.225922579,0,0,1,1
deliver food,2,0,0.086617518,0.201986941,3,1
someone cancel,0,0.285219937,0,0,1,1
delivery person,3,0.14372,0.04139973,0.098447156,6,1
new place,2,0,0.106787514,0,1,2
delivery apps,2,0.032466999,0.106053379,0.097045783,6,3
year old,0,0.213196986,0,0,1,1
delivery fee,3,0.01235433,0.033415037,0.223015085,23,2
reach customer,0,0.229713802,0,0,1,1
something wrong,3,0.049133551,0,0,1,3
good company,2,0,0.056065646,0,1,1
order something,2,0,0.174159395,0,3,1
uber eats,2,0.06117192,0.091377576,0.128824329,109,3
food sit,2,0,0.054037033,0.277582751,2,3
late night,2,0.100594247,0.110722648,0,2,1
first time,2,0.001979619,0.120267577,0,16,2
use app,3,0.125810051,0,0,1,2
last time,3,0.062631992,0.002946914,0.177527418,6,3
new customer,3,0,0.043386851,0,1,3
first time,2,0.00188671,0.114623104,0,16,2
thing happen,2,0,0.094595253,0,1,2
credit card,3,0.026728978,0.04174336,0.160763317,16,1
many other,2,0,0.171463628,0,4,2
hour late,3,0.062530521,0.000556192,0.188471223,8,1
be great,1,0,0.49508392,0,3,3
full refund,2,0.017221398,0.096343288,0,7,1
home page,3,0.10626789,0,0,2,1
uber eats,2,0.052660302,0.078663065,0.11089938,109,2
be closed,3,0.044007375,0.009607594,0,4,3
delivery fee,3,0.010295605,0.027846757,0.185851866,23,3
be separate,0,0.285528129,0,0,1,3
be aware,2,0,0.115875078,0,2,1
correct address,3,0.007896831,0.008466165,0.231825939,4,1
original order,2,0,0.11421738,0,2,2
wrong address,3,0.161045302,0.010260556,0,10,1
rate driver,2,0,0.299444276,0,1,1
last few,3,0.130264971,0,0,1,1
many people,2,0,0.183238593,0,2,1
same thing,2,0.008402499,0.058701288,0.221016987,4,1
many issue,2,0,0.109827708,0,3,2
different driver,2,0,0.07155724,0.215536877,2,1
delivery person,3,0.104464019,0.030091721,0.071557094,6,1
tip more,2,0,0.162590051,0,1,2
last time,3,0.049514081,0.0023297,0.140345321,6,2
order status,3,0.022400509,0,0.210434545,2,1
get food,2,0.078905966,0.051146007,0.069849248,6,1
find option,2,0,0.110317068,0,1,3
uber eats,2,0.045184509,0.067495853,0.095155817,109,2
uber cash,3,0.012937444,0.02095578,0.164662706,5,1
do anything,2,0.046745488,0.037229848,0.136379503,18,2
whole point,2,0,0.090653959,0,2,2
ur food,3,0.034868625,0.027256172,0.129333534,31,3
customer experience,3,0.114151472,0.053221761,0,3,2
something go,3,0.121637612,0.006638915,0,3,2
delivery fee,3,0.00855313,0.023133845,0.154397449,23,1
ur food,3,0.034116291,0.026668085,0.126543001,31,2
great service,2,0,0.191741874,0,1,2
live person,3,0.049626175,0,0,2,1
be good,2,0,0.285318765,0,4,2
uber eats,2,0.04206297,0.06283295,0.088582046,109,3
ad be,3,0.018736077,0,0.308017841,5,1
last time,3,0.045196875,0.00212657,0.128108404,6,1
say sorry,3,0.057194497,0.028094801,0,2,2
be closed,3,0.034213626,0.007469444,0,4,1
uber cash,3,0.011709161,0.018966234,0.149029598,5,2
look good,2,0,0.197614853,0,1,3
ur food,3,0.032246265,0.02520632,0.119606765,31,1
subscription service,2,0,0.202094475,0,1,2
hour late,3,0.044853896,0.000398963,0.13519268,8,2
delivery time,3,0.05348262,0.014243242,0.119897038,6,3
credit card,3,0.018594144,0.029038973,0.111835788,16,3
ur food,3,0.031121096,0.024326796,0.115433325,31,1
take money,3,0,0.023658385,0,1,1
uber eats,2,0.038688037,0.057791533,0.081474643,109,2
be able,2,0.008966492,0.125962023,0,8,3
full amount,2,0,0.106890796,0,7,1
wrong address,3,0.125634582,0.00800446,0,10,1
provide refund,3,0.050782065,0,0,1,3
delivery time,3,0.051294761,0.013660582,0.114992307,6,1
delivery time,3,0.051181188,0.013630336,0.114737701,6,1
available item,2,0,0.06543071,0,1,1
want full,2,0,0.078109306,0,1,2
much money,2,0,0.182853483,0,1,1
first thing,2,0.009350715,0.066046189,0,5,1
lunch hour,3,0.092411635,0,0.162774766,2,2
re order,3,0.018914892,0.015315297,0.143518854,9,1
phone call,3,0.10971834,0,0,2,3
anyone use,0,0.232911872,0,0,1,3
customer service,3,0.063928808,0.025096698,0.096974073,115,2
local restaurant,2,0,0.078932004,0,2,2
same price,3,0.011226471,0.017506705,0,3,1
phone call,3,0.107411686,0,0,2,3
credit card,3,0.016283875,0.025430964,0.097940514,16,2
customer service,3,0.06276622,0.024640298,0.095210535,115,3
timely manner,2,0.004493695,0.074162458,0.051712894,6,1
be ready,2,0,0.158362035,0,2,2
ur food,3,0.026721491,0.020887705,0.099114459,31,3
ur food,3,0.026571166,0.020770199,0.098556879,31,3
exact same,3,0,0.022092455,0,3,3
uber eats,2,0.032929052,0.049188859,0.069346573,109,3
other apps,3,0.026382348,0.003334835,0,5,3
many time,2,0,0.151446747,0,7,3
suspicious activity,3,0.119441807,0,0,2,3
missing item,3,0.050921014,0.004654506,0.014982984,20,2
delivery person,3,0.072291961,0.020824295,0.049519468,6,2
do anything,3,0.033797406,0.026917513,0.098603599,18,2
be convenient,3,0.035754259,0,0.146948444,2,3
free grubhub,2,0.026620363,0.07748933,0,2,1
first time,2,0.001051605,0.06388806,0,16,2
be convenient,3,0.035356083,0,0.145311961,2,3
delivery person,3,0.070373664,0.020271714,0.048205448,6,2
wrong address,3,0.102932459,0.006558057,0,10,2
go get,3,0,0.007647374,0.190396538,3,3
full amount,2,0,0.086597389,0,7,2
different place,3,0.012039525,0,0.213152897,4,1
dash pas,3,0.031899167,0.037876099,0.049937499,17,1
pick food,3,0.103059067,0,0,1,3
delivery fee,3,0.0061035,0.016508275,0.110177772,23,3
uber eats,2,0.03052989,0.045605032,0.064294085,109,2
contact support,3,0.009155995,0.039218749,0.123858892,9,2
extra money,2,0.030912992,0.055447042,0,2,1
delivery service,2,0.043116585,0.061977021,0,9,2
whole thing,2,0,0.067484037,0,1,2
customer service,3,0.055277406,0.021700395,0.083850698,115,2
same message,3,0.033516166,0,0,1,3
be nice,2,0,0.160774459,0,6,2
be able,2,0.006868474,0.096488897,0,8,2
same thing,3,0.005135103,0.035874701,0.135072304,4,1
contact support,3,0.008860947,0.037954941,0.119867591,9,1
big deal,3,0.028695042,0,0.089571168,3,2
multiple time,3,0.026347198,0.007292978,0.073223694,11,2
ad be,3,0.013022387,0,0.214085768,5,1
great app,3,0.021689414,0,0,1,3
be deliver,3,0.00613338,0.027677883,0.1064276,10,1
dash pas,3,0.029822999,0.03541092,0.046687299,17,2
most restaurant,2,0,0.125319065,0,1,2
get further,3,0.03610886,0,0,1,2
more dollar,2,0,0.067721229,0,1,3
be super,2,0,0.085578109,0,1,2
full amount,2,0,0.07806868,0,7,2
wrong order,3,0.092333286,0,0,2,2
say help,2,0,0.084194429,0.126800618,2,3
customer service,3,0.050751871,0.019923794,0.076985882,115,2
hour wait,3,0.005763977,0.029362176,0.063172521,4,2
order something,2,0,0.078243288,0,3,1
customer service,3,0.050417102,0.019792373,0.076478068,115,2
delivery guy,3,0.045807834,0,0.125512133,2,1
long time,3,0.030982161,0.024949025,0,3,2
same thing,3,0.004732617,0.033062868,0.124485437,4,2
be available,2,0,0.049417234,0,1,2
credit towards,3,0.015648067,0.021710759,0,2,1
pay more,3,0,0.032146017,0,1,1
missing item,3,0.041005283,0.003748145,0.012065382,20,3
only thing,3,0.012214482,0.0191625,0.040160791,6,2
store close,3,0.010977943,0,0.120316981,2,2
do anything,3,0.027439786,0.021854068,0.080055306,18,2
company do,3,0.029032086,0.023391056,0.079547071,3,3
second time,3,0.014512865,0,0.159059314,6,2
wrong address,3,0.084406883,0.005377751,0,10,2
take advantage,2,0.011151439,0.078253647,0.11785353,4,3
real person,3,0,0.039020728,0,4,2
uber eats,3,0.025605531,0.038249107,0.053923684,109,3
service fee,3,0.010060234,0.049937571,0,3,2
customer service,3,0.04714107,0.018506293,0.071508632,115,3
someone el,3,0.008701896,0.035105402,0.023434797,10,2
old order,3,0.068553599,0,0,1,1
first time,2,0.000837872,0.050903161,0,16,1
first thing,3,0.006539372,0.04618905,0,5,3
treat customer,2,0.022389663,0.051005868,0.076817144,3,1
total waste,3,0,0.015002464,0,1,3
delivery apps,3,0.012690066,0.041452071,0.037931358,6,1
many other,2,0,0.076393295,0,4,3
correct address,3,0.003855528,0.004133497,0.113186074,4,1
house number,3,0,0.018777843,0,2,1
specialized team,3,0.004579237,0,0.150563705,3,3
save money,3,0,0.030582975,0.056399195,4,3
customer service,3,0.045237171,0.017758874,0.068620594,115,3
menu item,3,0.00304609,0.024938093,0.07511579,3,2
support person,3,0.017969034,0.036777754,0,2,3
uber member,2,0,0.146482938,0,1,1
take day,3,0.022573345,0,0,1,1
uber eats,3,0.023955941,0.035784978,0.050449749,109,1
grub hub,3,0.015815362,0.015805918,0.10321703,17,2
uber eats,3,0.023804331,0.035558506,0.050130468,109,1
waste time,3,0,0.043421144,0,1,2
uber cash,3,0.006838883,0.011077468,0.087042612,5,2
same restaurant,3,0.022030972,0,0,1,3
be perfect,2,0,0.288398822,0,1,1
pay extra,3,0.059105822,0,0,2,3
customer service,3,0.04329368,0.016995913,0.065672498,115,2
driver pick,2,0.021686583,0.056814811,0,2,1
be fan,2,0,0.113391339,0,1,2
multiple time,3,0.020825348,0.005764514,0.057877461,11,3
several time,2,0,0.126368151,0,1,2
debit card,3,0.038179108,0.009760934,0,8,1
few minute,3,0.028815595,0.00199713,0,4,2
customer service,3,0.042123965,0.016536715,0.063898148,115,1
same thing,3,0.003990847,0.02788074,0.104974138,4,3
be careful,3,0.025048953,0,0,3,2
bad experience,3,0.06356334,0.01850268,0,3,3
hour late,3,0.025678424,0.000228403,0.077396507,8,3
deliver wrong,3,0.125148416,0,0,1,1
multiple time,3,0.020018642,0.005541216,0.055635478,11,3
customer service,3,0.040873966,0.016045999,0.062002016,115,2
full price,2,0,0.07498526,0,1,3
uber eats,3,0.022060175,0.032953115,0.046457382,109,3
delivery time,3,0.030113933,0.008019802,0.067509247,6,3
uber eats,3,0.021872125,0.032672208,0.046061359,109,2
door dash,3,0.005788571,0.04430919,0.035711668,28,1
whole process,2,0,0.079604871,0,1,1
customer service,3,0.040073042,0.015731578,0.060787088,115,3
be closed,3,0.018192763,0.003971804,0,4,2
many people,2,0,0.082288067,0,2,1
ur food,3,0.017290549,0.013515708,0.064133524,31,3
only problem,3,0,0.026936157,0.098944075,2,1
customer service,3,0.039591393,0.015542496,0.060056472,115,2
other person,3,0.010473596,0,0.098390908,2,1
min try,2,0,0.156559628,0,1,3
first place,3,0.007419244,0.043193418,0,4,2
next order,3,0.011862176,0.009495656,0.078004843,5,1
driver drop,2,0,0.064623117,0.097325337,2,1
do anything,3,0.022207683,0.017687026,0.064790696,18,3
uber eats,3,0.021119495,0.031547944,0.044476368,109,3
uber eats,3,0.021112834,0.031537993,0.044462339,109,1
correct order,3,0,0.032113002,0.096727267,2,2
burger king,3,0.07841551,0,0,1,1
free grubhub,2,0.017642489,0.051355597,0,2,1
contact support,3,0.006345303,0.027179445,0.085836902,9,1
follow simple,3,0,0.013105142,0,3,3
many other,2,0,0.064746042,0,4,1
ice cold,3,0.116006386,0,0,3,1
customer experience,3,0.054266819,0.025301256,0,3,2
uber eats,3,0.020737995,0.030978064,0.043672951,109,3
new driver,3,0.016951758,0.014675867,0,3,1
most people,3,0,0.023033522,0.094607798,2,1
have deal,2,0,0.125537826,0,1,1
many thing,2,0,0.125152153,0,1,2
do anything,3,0.021488862,0.01711453,0.062693545,18,1
delivery fee,3,0.004069555,0.011007019,0.073461877,23,2
food delivery,3,0.092246067,0.011678521,0,3,3
credit card,3,0.009743734,0.01521705,0.058604372,16,2
do anything,3,0.021422484,0.017061664,0.062499886,18,1
ur food,3,0.016185249,0.012651716,0.060033783,31,1
credit card,3,0.009599413,0.01499166,0.057736343,16,1
whole order,2,0,0.048987665,0,1,1
good experience,2,0,0.077559259,0,2,3
have multiple,3,0.01679012,0,0.092008884,2,2
deliver food,3,0,0.02624104,0.061192556,3,3
uber eats,3,0.019780636,0.029547978,0.041656811,109,2
be closed,3,0.016537748,0.003610485,0,4,2
awful experience,3,0.042807932,0,0,1,3
deliver food,3,0,0.025859117,0.060301935,3,2
order status,3,0.009625059,0,0.090419592,2,1
customer service,3,0.036250158,0.014230819,0.054988127,115,3
few minute,3,0.024681711,0.001710621,0,4,1
delivery fee,3,0.003906577,0.010566209,0.070519866,23,3
first order,3,0.01523024,0.043117984,0,5,3
be able,2,0.004529219,0.063626849,0,8,1
few time,3,0.016902003,0.020426833,0,3,2
hour late,3,0.022132728,0.000196865,0.06670954,8,1
email say,3,0.032977066,0,0,1,1
uber eats,3,0.019318663,0.028857891,0.040683925,109,1
good deal,2,0,0.089140544,0,1,3
uber eats,3,0.019243064,0.028744963,0.040524719,109,3
long time,3,0.021832477,0.017581053,0,3,1
do anything,3,0.020093912,0.01600354,0.05862379,18,2
online delivery,2,0,0.135850522,0,1,1
many issue,3,0,0.044567725,0,3,1
business day,3,0.019754373,0.027499299,0.079209375,11,2
ur food,3,0.015135895,0.011831455,0.056141554,31,2
customer service,3,0.034888726,0.013696358,0.052922963,115,3
delivery fee,3,0.003769412,0.010195213,0.068043809,23,2
first time,3,0.000627728,0.038136267,0,16,1
delivery fee,3,0.003755802,0.010158404,0.067798143,23,3
new driver,3,0.015436141,0.013363732,0,3,1
customer service,3,0.034726197,0.013632553,0.05267642,115,1
uber eat,3,0,0.020684206,0,1,1
door dash,3,0.004996767,0.038248253,0.030826763,28,2
issue refund,3,0,0.022916342,0,1,3
wrong address,3,0.061335335,0.003907811,0,10,3
many review,2,0,0.063945999,0,2,2
credit card,3,0.008887725,0.013880198,0.053455845,16,1
uber eats,3,0.018596628,0.027779327,0.039163363,109,2
lunch break,3,0,0.009439877,0.113735059,3,2
provide proof,3,0,0.002020771,0.085214414,2,3
base price,3,0.165647433,0,0,1,3
first time,3,0.00061418,0.03731323,0,16,1
be able,2,0.004309531,0.060540648,0,8,2
make more,2,0,0.056107373,0,1,1
do anything,3,0.019263818,0.015342422,0.056202,18,1
wrong house,3,0.102279167,0,0,3,1
delivery driver,3,0.008472982,0.039350354,0.060782987,11,3
service fee,3,0.00714427,0.035463139,0,3,2
parking lot,3,0.006755086,0.013518594,0.055526221,3,3
first order,3,0.014104645,0.039931338,0,5,3
home page,3,0.036163849,0,0,2,3
be aware,3,0,0.041099932,0,2,2
be deliver,3,0.003803732,0.017164961,0.066003083,10,2
wrong address,3,0.058768867,0.003744296,0,10,3
loyal customer,3,0.006307389,0.036916207,0,8,1
use grubhub,3,0.065816484,0,0,2,2
ur food,3,0.014281359,0.011163479,0.052971938,31,3
delivery window,3,0.014966942,0.010891834,0,2,2
delivery time,3,0.02422951,0.00645269,0.05431758,6,3
taco bell,3,0.015875574,0.010201417,0,3,2
estimated delivery,3,0.010839185,0.033703091,0.032398965,5,1
charge more,2,0,0.067132299,0,1,1
dash pas,3,0.018198249,0.021608047,0.02848899,17,1
ad be,3,0.007854089,0,0.12911985,5,3
customer service,3,0.032142672,0.012618332,0.048757452,115,3
delivery fee,3,0.003472725,0.009392759,0.062688153,23,2
house number,3,0,0.013296667,0,2,3
escalation team,3,0.017279208,0.017682933,0.053262593,3,3
couple year,3,0.001619879,0,0,1,2
treat customer,3,0.015523842,0.03536485,0.053261063,3,2
customer service,3,0.032051701,0.01258262,0.048619457,115,1
delivery people,2,0,0.072603162,0,1,3
hot food,3,0.006657669,0,0,1,1
countless time,3,0,0.00173926,0.104776148,3,3
have issue,3,0,0.0207723,0,1,2
full amount,2,0,0.047126858,0,7,1
customer service,3,0.031169501,0.012236292,0.047281242,115,1
delivery service,3,0.024117208,0.034666769,0,9,1
uber cash,3,0.004880916,0.007905998,0.062122384,5,3
make sure,2,0,0.070466827,0,7,2
take people,3,0,0.020529015,0,1,1
someone el,3,0.005739497,0.023154418,0.015456854,10,1
customer service,3,0.031012179,0.012174532,0.0470426,115,1
bottom line,3,0.070511425,0.022235634,0,2,3
grub hub,3,0.01114454,0.011137886,0.072733482,17,3
be able,2,0.003908617,0.054908575,0,8,1
uber eats,3,0.016746013,0.02501491,0.035266081,109,2
get food,3,0.02887799,0.018718405,0.025563414,6,2
do anything,3,0.01745805,0.013904242,0.05093369,18,1
dasher do,3,0,0.006697646,0.07565218,2,1
girlfriend be,3,0,0.032451082,0,1,1
get ready,2,0,0.049992316,0,1,1
grub hub,3,0.010851531,0.010845052,0.070821196,17,1
be rip,3,0.182742984,0,0,1,3
dash pas,3,0.016911487,0.020080184,0.026474589,17,2
someone el,3,0.005570698,0.022473445,0.015002267,10,2
double check,3,0,0.016892532,0.07496288,6,3
few dollar,3,0.013663244,0,0,1,2
last night,3,0.016884379,0.000877657,0.089220937,5,3
uber eats,3,0.016178666,0.024167417,0.034071283,109,3
door dash,3,0.004299393,0.032910133,0.026524423,28,3
someone el,3,0.005502548,0.022198515,0.014818736,10,1
uber eats,3,0.016122121,0.024082951,0.033952203,109,3
other apps,3,0.012935558,0.001635107,0,5,3
last time,3,0.017375804,0.000817553,0.049250894,6,3
fast food,3,0,0.039115448,0,1,2
last straw,3,0.004456412,0,0.07326263,2,1
next day,3,0.008727139,0.012972188,0.048841753,3,2
small percentage,3,0.013350271,0.011496486,0,2,3
do anything,3,0.016699398,0.013300023,0.04872033,18,2
tip include,3,0,0.014046777,0,1,1
pay extra,3,0.039803362,0,0,2,2
customer service,3,0.029175012,0.011453311,0.044255788,115,3
delivery fee,3,0.003152096,0.008525547,0.056900299,23,3
missing item,3,0.024633856,0.002251692,0.007248258,20,3
multiple occasion,3,0.01084021,0.000775303,0.04816518,3,3
gift card,3,0.012147007,0.008108763,0.072240969,14,3
uber eats,3,0.015692069,0.023440546,0.033046539,109,2
shake shack,3,0.01168568,0.012755961,0.048027636,3,2
loyal customer,3,0.005500323,0.032192569,0,8,1
live person,3,0.018293952,0,0,2,3
multiple time,3,0.014066247,0.003893576,0.039092681,11,1
feel bad,3,0.017380515,0,0,1,1
good customer,2,0,0.132208489,0,1,1
next day,3,0.008463434,0.01258021,0.047365914,3,1
ur food,3,0.012307816,0.009620797,0.045651738,31,3
customer service,3,0.028391176,0.011145598,0.043066781,115,1
food delivery,3,0.069444592,0.008791812,0,3,1
customer service,3,0.028320116,0.011117702,0.042958989,115,1
extra hour,2,0,0.046860236,0,1,3
customer service,3,0.02822987,0.011082273,0.042822094,115,2
true cost,3,0.010408752,0.033259907,0,3,3
uber eats,3,0.015230644,0.022751277,0.032074806,109,2
lunch hour,3,0.039652098,0,0.069843598,2,3
last straw,3,0.004239664,0,0.06969933,2,1
extra fee,3,0,0.022539047,0.046427326,6,3
real human,3,0,0.028773424,0,3,3
estimated delivery,3,0.00923166,0.028704694,0.027593979,5,1
uber eats,3,0.015026301,0.022446033,0.031644471,109,3
whole point,3,0,0.030971473,0,2,1
ur food,3,0.011994162,0.009375619,0.044488343,31,3
dash pas,3,0.015546507,0.018459448,0.02433774,17,2
time frame,3,0.044017516,0,0,1,1
customer service,3,0.027654784,0.01085651,0.041949742,115,1
own risk,3,0.010014467,0.015253511,0,2,3
big deal,3,0.014715582,0,0.045934481,3,1
double check,3,0,0.015523275,0.068886617,6,1
do anything,3,0.015726968,0.012525543,0.045883274,18,3
correct address,3,0.00234378,0.002512758,0.068805944,4,1
first time,3,0.000496405,0.030158063,0,16,1
first time,3,0.000495974,0.030131835,0,16,3
full amount,3,0,0.0415849,0,7,2
uber eats,3,0.014901976,0.022260319,0.031382652,109,3
hour wait,3,0.003117605,0.015881339,0.034168592,4,2
double dash,3,0,0.045337596,0,1,3
other delivery,3,0.019512941,0.016994771,0,2,1
uber eats,3,0.014855622,0.022191076,0.031285033,109,1
grub hub,3,0.009817952,0.00981209,0.064075669,17,1
uber eats,3,0.014805207,0.022115766,0.031178861,109,3
grubhub guarantee,3,0.024806802,0,0.067969918,2,1
ice cold,3,0.082358538,0,0,3,1
uber eats,3,0.014732734,0.022007507,0.031026237,109,1
love doordash,2,0,0.089765376,0,1,2
love grubhub,3,0,0.028604835,0,1,1
loyal customer,3,0.0051505,0.030145108,0,8,2
bank account,3,0.007091882,0.034737146,0,3,3
one accept,3,0.004071561,0.008888944,0,2,1
delivery address,3,0,0.035000218,0,2,3
next order,3,0.008141666,0.006517393,0.053539027,5,1
driver pick,3,0.013558404,0.035520495,0,2,1
do anything,3,0.015278913,0.012168695,0.044576077,18,1
uber eats,3,0.014556327,0.021743995,0.030654737,109,2
missing item,3,0.022686486,0.00207369,0.006675265,20,1
be deliver,3,0.003077444,0.01388747,0.053400403,10,3
customer service,3,0.02676641,0.010507759,0.040602162,115,2
missing item,3,0.02262094,0.002067698,0.006655978,20,2
priority delivery,3,0.022222611,0.008821076,0.033212349,4,2
uber eats,3,0.014465714,0.021608638,0.030463911,109,2
be deliver,3,0.003060355,0.013810353,0.05310387,10,2
delivery instruction,3,0.026918306,0.003917831,0.044253225,3,1
have wait,3,0,0.017611497,0,1,3
promo code,3,0,0.025701529,0.044092679,3,1
significant amount,2,0,0.065854264,0,1,3
customer service,3,0.026471305,0.010391909,0.040154515,115,2
wrong place,3,0.008025405,0,0,1,1
uber eats,3,0.014351711,0.021438343,0.030223827,109,2
first time,3,0.000475275,0.028874345,0,16,1
customer service,3,0.026402794,0.010365014,0.04005059,115,3
make sure,2,0,0.05984185,0,7,3
uber eats,3,0.014330876,0.021407219,0.03017995,109,3
parking lot,3,0.005325707,0.010658053,0.043776846,3,2
local restaurant,3,0,0.032691544,0,2,3
uber eats,3,0.014274175,0.02132252,0.030060541,109,3
quality control,3,0.011958517,0,0.065531979,2,2
many time,2,0,0.065627327,0,7,3
customer service,3,0.026136807,0.010260594,0.039647112,115,3
take advantage,3,0.006155404,0.043194675,0.065053134,4,1
uber eats,3,0.014165822,0.021160665,0.029832357,109,1
customer service,3,0.026081053,0.010238707,0.039562538,115,3
door dash,3,0.003746654,0.02867914,0.02311439,28,3
wasted time,3,0.002505236,0.01002719,0,2,1
other day,3,0.006560572,0,0,1,2
save money,3,0,0.017512725,0.032295865,4,3
menu item,3,0.001744134,0.014279086,0.043009898,3,1
wasted time,3,0.002496302,0.009991434,0,2,1
job do,3,0,0.034212941,0,1,1
actual price,2,0,0.056969382,0,1,2
door dash,3,0.003725152,0.028514544,0.022981732,28,3
customer service,3,0.025800744,0.010128665,0.039137335,115,2
grubhub decide,3,0,0.006098949,0,1,3
uber eats,3,0.014005183,0.020920704,0.02949406,109,1
uber eats,3,0.013983939,0.020888971,0.029449322,109,2
estimated delivery,3,0.008590928,0.026712417,0.025678792,5,2
delivery fee,3,0.002783199,0.007527781,0.050241116,23,2
shake shack,3,0.010394864,0.011346921,0.042722439,3,1
customer service,3,0.025685401,0.010083385,0.038962371,115,1
do anything,3,0.014626638,0.011649199,0.042673073,18,1
do anything,3,0.014623704,0.011646862,0.042664511,18,3
timely manner,3,0.001853709,0.030592999,0.021332256,6,3
real human,3,0,0.026558286,0,3,3
customer service,3,0.025529166,0.010022051,0.038725378,115,3
ur food,3,0.011065337,0.008649573,0.041043177,31,1
customer service,3,0.025499287,0.010010321,0.038680053,115,1
customer service,3,0.025497133,0.010009476,0.038676786,115,2
be deliver,3,0.002921585,0.013184128,0.050695898,10,1
only reason,3,0,0.016035159,0.036192197,7,3
customer service,3,0.025400554,0.009971562,0.038530285,115,3
be lazy,3,0.038489284,0,0,1,3
loyal customer,3,0.004820844,0.028215683,0,8,2
door dash,3,0.003644382,0.027896287,0.022483438,28,3
delivery person,3,0.030595432,0.008813266,0.020957649,6,1
use uber,3,0,0.03334857,0,1,3
cold food,3,0.065625254,0,0,2,3
few minute,3,0.01716907,0.001189941,0,4,3
missing item,3,0.021311724,0.001948028,0.006270755,20,2
ur food,3,0.010885547,0.008509035,0.040376307,31,2
customer service,3,0.025089971,0.009849635,0.038059158,115,1
delivery person,3,0.030403427,0.008757958,0.020826127,6,3
gift card,3,0.010504248,0.007012136,0.062471115,14,3
door dash,3,0.00361645,0.027682474,0.022311112,28,3
find other,3,0.018918394,0,0,1,2
business practice,3,0,0.041299996,0,1,2
be fair,3,0.012611582,0.037169996,0,2,1
bad experience,3,0.037786522,0.010999295,0,3,2
debit card,3,0.022433341,0.005735345,0,8,3
contact support,3,0.004063438,0.017405313,0.054968678,9,3
business model,3,0.018777622,0,0.061740167,2,1
different location,3,0.003125638,0,0.061661927,2,1
take advantage,3,0.005831346,0.040920645,0.061628342,4,2
ur food,3,0.010719449,0.008379199,0.039760221,31,2
customer service,3,0.02472986,0.009708265,0.037512904,115,2
uber eats,3,0.013423262,0.020051441,0.02826857,109,1
customer service,3,0.024728713,0.009707815,0.037511164,115,3
gift card,3,0.010362059,0.006917217,0.061625483,14,3
hour late,3,0.015277018,0.000135885,0.046045967,8,1
be deliver,3,0.002827826,0.012761027,0.049068978,10,3
bank account,3,0.006466986,0.031676307,0,3,3
lot more,2,0,0.081453361,0,1,1
uber eats,3,0.013314018,0.019888254,0.028038509,109,2
customer service,3,0.024513622,0.009623376,0.037184891,115,2
delivery apps,3,0.006809972,0.022244758,0.020355409,6,2
multiple occasion,3,0.009162508,0.000655312,0.040710819,3,1
contact support,3,0.004007413,0.017165337,0.054210798,9,2
get food,3,0.022913778,0.014852467,0.020283766,6,1
horrible service,3,0.059175063,0,0,1,3
wrong address,3,0.043345032,0.002761609,0,10,1
have trouble,3,0.0295702,0,0,1,1
front door,3,0.018481375,0.008573979,0.030383058,4,3
customer service,3,0.0243551,0.009561145,0.036944428,115,2
double check,3,0,0.013674186,0.060681039,6,2
payment method,3,0,0.016586727,0.048544831,5,2
first place,3,0.004609346,0.02683473,0,4,3
customer service,3,0.024261275,0.009524312,0.036802104,115,2
missing item,3,0.020516247,0.001875316,0.006036694,20,3
delivery service,3,0.018738662,0.026935493,0,9,3
ur food,3,0.010454604,0.008172174,0.038777866,31,2
card information,3,0.037208386,0,0,1,2
last order,3,0.00182613,0.029900755,0,2,2
same exact,3,0.0121742,0.010262234,0,3,2
go grab,3,0,0.027617469,0,1,1
different driver,3,0,0.019902876,0.059949261,2,2
customer service,3,0.024045961,0.009439785,0.036475492,115,3
customer service,3,0.024024255,0.009431264,0.036442567,115,2
uber eats,3,0.013038151,0.019476169,0.027457551,109,1
many review,3,0,0.044491455,0,2,2
take long,3,0,0.039724514,0,1,3
uber eats,3,0.013020902,0.019450403,0.027421226,109,1
full amount,3,0,0.036258524,0,7,3
uber eats,3,0.012985168,0.019397023,0.027345971,109,1
customer service,3,0.023907773,0.009385537,0.036265875,115,2
make sure,2,0,0.054140098,0,7,2
treat customer,3,0.011567004,0.02635078,0.039685466,3,1
phone number,3,0,0.008847189,0.039612685,3,2
customer service,3,0.023804501,0.009344995,0.03610922,115,2
be grateful,2,0,0.098473622,0,1,1
business day,3,0.013429273,0.018694372,0.053847539,11,1
uber eats,3,0.01289312,0.019259524,0.027152123,109,1
do anything,3,0.013525696,0.010772368,0.039461086,18,1
date night,3,0.01708309,0,0,1,3
own food,3,0,0.036641123,0,2,1
ad be,3,0.005746168,0,0.094466006,5,3
multiple time,3,0.011584738,0.003206688,0.032196111,11,1
cold food,3,0.061752365,0,0,2,2
good experience,2,0,0.049626183,0,2,3
delivery apps,3,0.006571384,0.02146541,0.019642255,6,3
credit card,3,0.006113461,0.009547555,0.03676984,16,2
food sit,3,0,0.011452706,0.058831388,2,1
parking lot,3,0.004771453,0.009548854,0.039220925,3,3
long day,3,0.007154356,0,0,1,3
extra fee,3,0,0.01903305,0.039205456,6,2
only reason,3,0,0.014888743,0.033604676,7,2
customer service,3,0.023584195,0.009258509,0.035775036,115,3
front door,3,0.017875273,0.008292793,0.029386637,4,3
previous order,3,0.000475287,0,0,1,3
menu option,3,0.015446818,0.010376356,0,2,3
credit card,3,0.006085623,0.00950408,0.036602406,16,2
payment method,3,0,0.016005389,0.046843413,5,3
uber eats,3,0.01275429,0.019052141,0.026859755,109,3
be ready,2,0,0.060243667,0,2,1
uber eats,3,0.012726965,0.019011324,0.026802211,109,2
taco bell,3,0.011405012,0.007328697,0,3,3
promo code,3,0,0.022611983,0.038792359,3,2
most people,3,0,0.014166771,0.058188538,2,1
first thing,3,0.003279138,0.023161285,0,5,3
wrong address,3,0.041402348,0.002637836,0,10,1
wrong address,3,0.041395857,0.002637422,0,10,3
follow simple,3,0,0.007878385,0,3,3
grub hub,3,0.008348288,0.008343303,0.054484081,17,1
re order,3,0.006779054,0.005488968,0.051436833,9,1
convenience store,3,0.040589272,0,0,1,2
uber eats,3,0.012578109,0.018788966,0.026488731,109,2
grub hub,3,0.00832389,0.00831892,0.054324854,17,3
customer service,3,0.023161606,0.009092612,0.035134009,115,3
uber eats,3,0.012545647,0.018740475,0.026420367,109,2
ur food,3,0.010018145,0.007831002,0.037158968,31,1
food come,3,0.070069356,0,0,1,2
gift card,3,0.00968097,0.006462554,0.057574897,14,3
more money,2,0,0.089159215,0,1,1
free delivery,2,0,0.061112833,0,2,2
customer service,3,0.023080188,0.00906065,0.035010505,115,2
be nice,2,0,0.067586122,0,6,1
day go,3,0,0.003814819,0,1,3
missing item,3,0.019488308,0.001781356,0.005734234,20,3
couple time,3,0,0.005071347,0.057282584,2,3
grub hub,3,0.008260787,0.008255855,0.05391302,17,1
speak english,3,0.002901224,0.022802002,0,2,2
customer service,3,0.022956294,0.009012012,0.034822569,115,2
delivery fee,3,0.002479527,0.006706434,0.044759368,23,1
add menu,3,0.006942058,0.011366812,0,2,2
food delivery,3,0.056082828,0.007100189,0,3,2
full time,3,0,0.036595671,0,2,1
only thing,3,0.005780195,0.00906817,0.019005081,6,2
support number,3,0.020808704,0,0.057015243,2,3
debit card,3,0.020584048,0.005262552,0,8,3
uber eats,3,0.012414296,0.018544265,0.02614375,109,3
gift card,3,0.00955731,0.006380005,0.056839462,14,3
shake shack,3,0.009209597,0.010053096,0.037851042,3,1
escalation team,3,0.012267931,0.012554569,0.037815497,3,2
few time,3,0.010728577,0.01296597,0,3,1
bad experience,3,0.034484713,0.01003817,0,3,3
menu item,3,0.001529814,0.012524465,0.037724821,3,2
door dash,3,0.003275832,0.025075182,0.020209725,28,2
same exact,3,0.011451435,0.00965298,0,3,3
provide proof,3,0,0.0013383,0.056435115,2,2
customer service,3,0.022645952,0.00889018,0.034351809,115,2
error message,3,0.013729031,0,0.056425719,2,1
countless time,3,0,0.001248202,0.075193956,3,2
customer service,3,0.022617237,0.008878907,0.034308251,115,3
uber eats,3,0.012277109,0.018339337,0.025854842,109,1
credit card,3,0.005856504,0.009146258,0.035224352,16,2
delivery fee,3,0.002440351,0.006600473,0.044052173,23,2
make sure,2,0,0.051193987,0,7,3
full refund,3,0.003913068,0.021891246,0,7,1
expect customer,3,0.045626068,0,0,1,1
hard earn,3,0,0.004799303,0,1,1
make sure,2,0,0.050928178,0,7,3
contact support,3,0.003679285,0.015759833,0.049771997,9,3
hour late,3,0.013933039,0.000123931,0.041995123,8,2
uber eats,3,0.012138934,0.018132933,0.025563854,109,1
get home,2,0,0.074007341,0,1,2
same issue,3,0,0.028862863,0,1,1
customer service,3,0.022341342,0.008770599,0.033889744,115,1
google map,3,0.006770112,0.044341082,0,2,1
follow instruction,3,0.033098325,0,0.055649729,2,2
full refund,3,0.003866208,0.021629093,0,7,3
customer service,3,0.022311328,0.008758816,0.033844215,115,1
dollar order,3,0,0.029534949,0,1,3
be happy,2,0,0.117960142,0,1,2
dollar coupon,2,0.011186185,0.073725089,0,2,1
customer service,3,0.02225276,0.008735824,0.033755373,115,2
uber eats,3,0.012059699,0.018014573,0.025396989,109,1
re open,3,0.004483597,0.004684343,0.018427388,6,3
contact support,3,0.003623655,0.01552155,0.049019462,9,1
delivery instruction,3,0.02236313,0.003254847,0.036764596,3,1
cover cost,3,0.023898482,0,0,1,1
loyal customer,3,0.004219048,0.024693458,0,8,2
customer service,3,0.022099402,0.00867562,0.033522744,115,1
only reason,3,0,0.013943109,0.031470331,7,2
take advantage,3,0.005201947,0.036503927,0.054976565,4,1
front door,3,0.016679571,0.007738076,0.027420923,4,3
customer service,3,0.021931917,0.00860987,0.033268684,115,2
gift card,3,0.009190119,0.006134886,0.054655694,14,1
multiple occasion,3,0.008191492,0.000585864,0.036396407,3,1
re order,3,0.006393481,0.005176771,0.04851125,9,2
solve problem,3,0.00948387,0,0,1,3
delivery driver,3,0.005532258,0.025692996,0.039686988,11,3
business day,3,0.012356788,0.017201407,0.049547181,11,3
first thing,3,0.003074128,0.021713252,0,5,1
liquor store,3,0,0.041315113,0,1,3
grubhub guarantee,3,0.019862929,0,0.054423848,2,3
cart total,3,0,0.028891617,0,1,2
phone number,3,0,0.008098078,0.036258594,3,1
suspicious activity,3,0.043109205,0,0,2,2
gift card,3,0.009133928,0.006097375,0.054321514,14,1
be prepared,3,0.047894641,0,0,2,2
be careful,3,0.012940514,0,0,3,2
uber eats,3,0.011795377,0.017619734,0.024840344,109,3
first time,3,0.000390487,0.023723194,0,16,2
lunch break,3,0,0.005947328,0.071655564,3,2
please fix,3,0,0.004920785,0,1,2
uber cash,3,0.003368724,0.005456583,0.042875798,5,1
re order,3,0.006277544,0.005082897,0.047631564,9,3
customer service,3,0.021502479,0.008441284,0.032617267,115,3
fast delivery,3,0,0.030836242,0,1,2
last order,3,0.001629747,0.026685209,0,2,2
other apps,3,0.00938001,0.001185671,0,5,2
multiple time,3,0.010513925,0.002910284,0.029220126,11,2
business bureau,2,0,0.070997927,0,1,2
ur food,3,0.009295268,0.007265942,0.034477696,31,1
new driver,3,0.009491152,0.0082169,0,3,2
confirm order,3,0.042093843,0,0.053231957,2,3
wrong item,3,0.035617867,0,0,1,1
bad luck,3,0.034530789,0,0,2,1
uber eats,3,0.011592383,0.017316504,0.02441285,109,3
first thing,3,0.002998742,0.021180784,0,5,3
gift card,3,0.008925509,0.005958244,0.053081999,14,2
uber eats,3,0.011554397,0.017259763,0.024332855,109,1
ur food,3,0.009226597,0.007212263,0.034222984,31,2
wrong house,3,0.064519048,0,0,3,2
need help,3,0,0.035192896,0.053002092,2,1
customer service,3,0.021268369,0.008349379,0.032262143,115,3
next day,3,0.006313678,0.009384772,0.035334728,3,1
large amount,3,0.003987172,0,0,1,3
accept cash,3,0,0.035153628,0,1,1
missing item,3,0.017976163,0.001643136,0.005289301,20,1
customer service,3,0.021209155,0.008326133,0.032172321,115,1
ice cream,3,0,0.002339661,0.070472704,3,3
missing item,3,0.017963086,0.001641941,0.005285453,20,1
debit card,3,0.019061682,0.004873341,0,8,3
credit card,3,0.005484414,0.008565156,0.032986393,16,3
business day,3,0.011952039,0.016637972,0.047924254,11,3
specific instruction,3,0.00668051,0,0.052716679,2,2
door dash,3,0.003047133,0.023324583,0.018798804,28,1
ice cold,3,0.064035534,0,0,3,3
grub hub,3,0.00758273,0.007578202,0.049487763,17,3
door dash,3,0.003041036,0.023277914,0.01876119,28,2
horrible experience,3,0.127814815,0,0,1,1
partial refund,3,0.017041975,0,0,1,1
business model,3,0.015976593,0,0.05253048,2,2
uber eats,3,0.01143935,0.017087906,0.024090572,109,1
door dash,3,0.003040232,0.023271761,0.018756231,28,3
delivery apps,3,0.005856631,0.01913067,0.017505815,6,2
gift card,3,0.008820033,0.005887834,0.052454709,14,3
best app,2,0,0.069502403,0,1,1
correct order,3,0,0.017347791,0.052253116,2,2
low quality,3,0,0.009241971,0,1,2
customer service,3,0.020944744,0.008222333,0.031771234,115,1
uber eats,3,0.011364882,0.016976668,0.023933747,109,2
missing item,3,0.017732335,0.001620849,0.005217557,20,1
business day,3,0.011829358,0.016467192,0.047432336,11,3
most other,3,0,0.030420146,0,1,2
re open,3,0.004212638,0.004401252,0.017313759,6,3
customer service,3,0.020824025,0.008174942,0.031588114,115,3
door dash,3,0.003004131,0.022995416,0.018533506,28,3
uber eats,3,0.011294684,0.016871808,0.023785916,109,1
customer service,3,0.020807387,0.00816841,0.031562876,115,3
free delivery,2,0,0.055088169,0,2,1
business day,3,0.011728417,0.016326676,0.047027592,11,1
only thing,3,0.005237322,0.008216491,0.017220132,6,1
taco bell,3,0.010125089,0.006506237,0,3,1
follow instruction,3,0.030693712,0,0.051606744,2,2
many other,3,0,0.034746987,0,4,3
business day,3,0.011662326,0.016234674,0.046762588,11,3
tip amount,2,0,0.06821647,0,1,2
own risk,3,0.00746381,0.011368485,0,2,3
ur food,3,0.008932151,0.006982101,0.033130836,31,1
true cost,3,0.00761668,0.02433818,0,3,2
get refunded,3,0,0.011820248,0.050862367,2,1
hidden fee,3,0,0.003207199,0,1,3
grub hub,3,0.00731395,0.007309583,0.047733602,17,1
delivery driver,3,0.005141559,0.023878508,0.036884218,11,2
push notification,3,0,0.032552325,0,2,3
person deliver,3,0.020541979,0,0,1,2
customer service,3,0.020287361,0.007964262,0.030774045,115,3
take care,3,0,0.03987217,0,1,2
next order,3,0.006146323,0.004920124,0.040417792,5,2
get rid,3,0,0.033546297,0,1,3
uber eats,3,0.010999417,0.016430742,0.023164101,109,3
uber eats,3,0.010983778,0.016407381,0.023131166,109,2
uber eats,3,0.010971289,0.016388725,0.023104864,109,2
support number,3,0.018382897,0,0.050368604,2,2
chicken sandwich,3,0,0.024294512,0,1,2
bank account,3,0.00530437,0.025981631,0,3,1
hour late,3,0.012507123,0.000111247,0.037697315,8,2
different place,3,0.004258518,0,0.075394631,4,2
be great,2,0,0.100088269,0,3,2
customer service,3,0.020124295,0.007900247,0.030526689,115,2
door dash,3,0.002903057,0.022221737,0.017909948,28,3
go get,3,0,0.002685455,0.066859727,3,2
driver drop,3,0,0.033295677,0.050144795,2,2
many time,2,0,0.050381966,0,7,2
dash pas,3,0.011294225,0.013410418,0.01768088,17,3
couple time,3,0,0.004428766,0.050024412,2,3
food arrive,3,0.026364055,0,0,2,2
few minute,3,0.013689029,0.000948749,0,4,1
delivery window,3,0.009119911,0.006636797,0,2,1
multiple time,3,0.009805516,0.002714194,0.027251327,11,2
final straw,3,0.042535946,0,0,2,3
customer experience,3,0.028453751,0.013266222,0,3,1
re open,3,0.004038432,0.004219246,0.016597779,6,3
business day,3,0.011289253,0.015715333,0.045266671,11,1
door dash,3,0.002875844,0.022013435,0.017742063,28,2
customer service,3,0.019934407,0.007825702,0.030238647,115,1
different delivery,3,0.010069902,0,0,1,3
something go,3,0.030207057,0.001648685,0,3,3
next door,3,0.030207057,0,0,1,3
multiple time,3,0.009719116,0.002690278,0.027011205,11,2
negative review,2,0,0.062370533,0,1,2
uber eats,3,0.0107618,0.016075794,0.022663693,109,1
someone el,3,0.003662305,0.014774559,0.009862835,10,2
customer service,3,0.019788504,0.007768425,0.030017325,115,1
someone el,3,0.003659152,0.014761839,0.009854344,10,3
ur food,3,0.008511124,0.006652991,0.031569175,31,3
uber eats,3,0.010658416,0.015921361,0.022445973,109,2
complete opposite,3,0,0.010273151,0,2,3
double check,3,0,0.010974605,0.048701283,6,2
wrong location,3,0.059114012,0,0,1,2
debit card,3,0.017549472,0.004486727,0,8,1
something go,3,0.029557006,0.001613205,0,3,3
other apps,3,0.008508195,0.00107547,0,5,1
dash pas,3,0.010941533,0.012991643,0.017128748,17,1
be able,3,0.00245681,0.034513475,0,8,1
many issue,3,0,0.024666761,0,3,3
door dash,3,0.002802789,0.021454226,0.017291361,28,1
customer satisfaction,3,0,0.008027259,0,1,1
uber eats,3,0.010533265,0.015734412,0.022182412,109,3
first time,3,0.000349302,0.021221139,0,16,1
correct address,3,0.001645504,0.001764139,0.048306788,4,1
last time,3,0.01134797,0.000533936,0.032165285,6,3
front door,3,0.014655517,0.006799066,0.024093415,4,3
real human,3,0,0.019997254,0,3,3
true cost,3,0.007159275,0.022876598,0,3,1
debit card,3,0.017374574,0.004442012,0,8,3
be punish,2,0,0.063715386,0,1,2
uber eats,3,0.010447829,0.01560679,0.02200249,109,2
door dash,3,0.002776716,0.021254651,0.01713051,28,1
customer service,3,0.019228157,0.007548448,0.02916733,115,3
big deal,3,0.010220754,0,0.031903939,3,1
second time,3,0.005821948,0,0.063807877,6,2
only reason,3,0,0.012056208,0.027211497,7,3
long time,3,0.011769595,0.00947771,0,3,3
someone el,3,0.003531466,0.014246725,0.009510477,10,1
timely manner,3,0.001372925,0.022658296,0.01579945,6,1
priority delivery,3,0.01585728,0.006294413,0.023699175,4,2
gift card,3,0.007969482,0.005320046,0.047396293,14,2
speak english,3,0.00240141,0.018873744,0,2,1
be nice,2,0,0.055712497,0,6,1
delivery driver,3,0.004802821,0.022305334,0.034454197,11,1
hour wait,3,0.00215946,0.011000465,0.023667426,4,3
uber eats,3,0.010310477,0.015401615,0.021713234,109,1
customer service,3,0.018972892,0.007448237,0.028780117,115,2
escalation team,3,0.010225925,0.010464852,0.031521081,3,3
loyal customer,3,0.003617707,0.021173897,0,8,3
first place,3,0.003590974,0.020905963,0,4,2
estimated delivery,3,0.006305674,0.019606705,0.018848032,5,2
leave review,2,0,0.099970193,0,1,2
payment method,3,0,0.012842556,0.037586663,5,1
business day,3,0.010626748,0.014793085,0.042610215,11,3
dasher do,3,0,0.004149609,0.046871237,2,3
customer service,3,0.018808215,0.00738359,0.028530318,115,3
customer service,3,0.018783902,0.007374045,0.028493437,115,2
save money,3,0,0.012673029,0.023370801,4,2
delivery address,3,0,0.024428969,0,2,2
grub hub,3,0.006721772,0.006717759,0.043868827,17,2
door dash,3,0.002698287,0.020654306,0.016646653,28,1
customer service,3,0.01870364,0.007342537,0.028371687,115,2
other time,3,0.010750196,0.022180056,0,2,3
double check,3,0,0.010491843,0.046558962,6,3
delivery instruction,3,0.018843167,0.002742533,0.030977837,3,1
last night,3,0.010552173,0.000548507,0.055760107,5,2
delivery service,3,0.014330602,0.02059922,0,9,2
door dash,3,0.002671647,0.020450389,0.016482303,28,1
inflated price,3,0.005457804,0,0,2,1
resolve issue,3,0,0.011489811,0,1,3
missing item,3,0.015620654,0.001427827,0.004596217,20,2
first time,3,0.000331884,0.020162899,0,16,2
customer service,3,0.018416856,0.007229953,0.027936663,115,2
uber eats,3,0.009968938,0.01489143,0.020993975,109,3
think uber,2,0,0.066752914,0,1,1
apple pay,3,0.002316366,0,0,1,1
order something,3,0,0.028316262,0,3,2
uber eats,3,0.009952562,0.014866968,0.020959488,109,2
re open,3,0.003699711,0.00386536,0.015205651,6,2
delivery driver,3,0.004605214,0.021387608,0.03303662,11,2
be fair,3,0.009184612,0.027069721,0,2,1
order detail,3,0.011021534,0,0,1,3
technical issue,3,0,0.030029943,0,1,3
wrong house,3,0.055020598,0,0,3,1
many option,2,0,0.093843571,0,1,3
be deliver,3,0.002081537,0.009393274,0.036119223,10,3
add menu,3,0.005475316,0.008965192,0,2,2
last night,3,0.010214673,0.000530963,0.05397668,5,1
customer service,3,0.018034256,0.007079755,0.027356294,115,1
add note,2,0,0.047746224,0,1,3
same price,3,0.003189383,0.004973565,0,3,2
customer service,3,0.018030115,0.007078129,0.027350012,115,3
uber eats,3,0.00974744,0.014560561,0.020527514,109,2
cancellation fee,3,0.013307786,0,0,1,2
get food,3,0.016850768,0.010922488,0.01491666,6,3
uber eats,3,0.009741095,0.014551082,0.02051415,109,2
recent order,3,0,0.025698308,0,1,3
uber eats,3,0.009725134,0.01452724,0.020480538,109,3
customer service,3,0.017915916,0.007033298,0.027176783,115,2
customer service,3,0.017892477,0.007024096,0.027141228,115,1
missing item,3,0.015151775,0.001384969,0.004458254,20,3
specific instruction,3,0.005635073,0,0.044467019,2,1
chat support,3,0,0.029517394,0,1,3
dash pas,3,0.009959683,0.011825824,0.015591682,17,3
uber eats,3,0.009607368,0.014351323,0.02023253,109,2
half hour,3,0.02503502,0,0,1,1
delivery driver,3,0.004470025,0.020759759,0.032066806,11,3
exact same,3,0,0.006379404,0,3,2
help center,3,0.010718074,0,0,1,3
delivery service,3,0.013678626,0.019662051,0,9,3
ur food,3,0.007662067,0.005989299,0.028419881,31,1
customer service,3,0.017664158,0.006934465,0.02679489,115,1
wrong address,3,0.031364804,0.001998322,0,10,3
uber eats,3,0.009569871,0.014295311,0.020153565,109,1
uber eats,3,0.009563344,0.014285561,0.020139818,109,2
ridiculous amount,3,0.035608491,0,0,1,1
door dash,3,0.00254029,0.019444903,0.015671916,28,3
business day,3,0.009939164,0.013835927,0.039853201,11,3
delivery service,3,0.013612704,0.019567293,0,9,2
few month,3,0.031929336,0,0,2,1
main issue,3,0,0.019363176,0,1,2
money spent,3,0.015913416,0,0,1,1
business day,3,0.009885607,0.013761372,0.039638452,11,1
door dash,3,0.002524135,0.019321241,0.015572249,28,1
right location,3,0.000402572,0,0,1,3
ice cream,3,0,0.001921942,0.057890625,3,3
missing item,3,0.014755986,0.001348791,0.004341797,20,2
late night,3,0.015812386,0.017404467,0,2,2
grub hub,3,0.006248017,0.006244286,0.040776921,17,3
whole day,3,0,0.012453241,0,2,3
door dash,3,0.002505328,0.019177285,0.015456225,28,3
ad be,3,0.00421196,0,0.06924389,5,2
payment method,3,0,0.011827321,0.034615347,5,3
past month,3,0.021872129,0,0,1,2
specialized team,3,0.001752456,0,0.057620132,3,2
customer service,3,0.017341101,0.006807641,0.026304843,115,2
follow simple,3,0,0.005855419,0,3,3
ur food,3,0.007491604,0.005856051,0.027787606,31,3
few year,3,0,0.028440585,0,1,2
customer service,3,0.01714273,0.006729766,0.026003931,115,2
grub hub,3,0.006160808,0.006157129,0.04020776,17,3
same exact,3,0.008648477,0.007290228,0,3,2
credit card,3,0.004432344,0.006922111,0.026658647,16,3
inedible food,3,0.010347068,0,0,1,3
customer service,3,0.017064413,0.006699021,0.025885131,115,3
customer service,3,0.01703486,0.006687419,0.025840302,115,1
uber eats,3,0.009183152,0.013717637,0.019339158,109,2
second time,3,0.005122643,0,0.056143575,6,2
be true,3,0,0.030725982,0,1,2
uber eats,3,0.009130564,0.013639082,0.019228411,109,2
gift card,3,0.00704832,0.004705122,0.041917936,14,3
many time,3,0,0.04214198,0,7,2
multiple time,3,0.008225958,0.002276968,0.022861446,11,1
timely manner,3,0.001212854,0.020016546,0.013957379,6,1
multiple time,3,0.008216315,0.002274299,0.022834645,11,1
phone number,3,0,0.006229211,0.027890866,3,3
be hard,3,0,0.005247128,0,1,3
only reason,3,0,0.010567892,0.023852287,7,2
credit card,3,0.004328287,0.006759601,0.026032784,16,1
get refunded,3,0,0.009670693,0.041612861,2,1
credit card,3,0.004321388,0.006748828,0.025991295,16,2
lunch break,3,0,0.004572742,0.055094044,3,2
uber eats,3,0.008987172,0.013424885,0.018926435,109,1
timely manner,3,0.001195113,0.019723743,0.013753209,6,1
door dash,3,0.002388518,0.018283147,0.014735582,28,3
uber eats,3,0.008985892,0.013422973,0.01892374,109,2
customer service,3,0.01651146,0.006481947,0.025046354,115,2
delivery fee,3,0.001783914,0.004824993,0.032202455,23,2
support system,3,0.050058415,0,0,1,2
double check,3,0,0.009257362,0.041080786,6,3
least get,3,0.029877389,0,0,1,1
delivery fee,3,0.00177455,0.004799666,0.032033418,23,3
customer service,3,0.016424788,0.006447922,0.02491488,115,2
most part,3,0,0.04322961,0,2,1
missing item,3,0.013901084,0.001270648,0.004090251,20,1
customer service,3,0.016391625,0.006434903,0.024864575,115,2
door dash,3,0.002362563,0.018084472,0.014575456,28,3
door dash,3,0.002358793,0.018055614,0.014552197,28,1
be great,2,0,0.080650667,0,3,1
make thing,2,0,0.053767111,0,1,2
uber eats,3,0.00880683,0.013155493,0.018546645,109,2
fix issue,3,0.02300455,0.001785708,0,2,3
full refund,3,0.002803738,0.015685216,0,7,2
re open,3,0.003255704,0.003401473,0.013380803,6,3
customer service,3,0.016100089,0.006320454,0.024422342,115,1
gift card,3,0.006728771,0.004491807,0.040017507,14,2
estimated delivery,3,0.005355198,0.016651318,0.016007003,5,2
have problem,3,0.00121709,0,0,1,3
uber eats,3,0.008716613,0.013020728,0.018356655,109,2
google map,3,0.004867995,0.031883099,0,2,3
one accept,3,0.00242794,0.005300626,0,2,3
mark deliver,3,0,0.014456252,0,1,2
customer service,3,0.016012898,0.006286225,0.024290082,115,3
dinner time,2,0,0.105763087,0,1,3
other fee,3,0.01339621,0,0,1,1
delivery driver,3,0.004035003,0.018739424,0.028946072,11,3
customer service,3,0.015926022,0.00625212,0.024158298,115,2
next order,3,0.004828352,0.003865089,0.031750906,5,3
company do,3,0.00964421,0.007770308,0.026424854,3,1
real person,3,0,0.013120424,0,4,2
whole meal,3,0.020035335,0,0,1,1
delivery service,3,0.012268739,0.017635439,0,9,1
elderly mother,3,0.012016672,0,0,1,3
payment method,3,0,0.010747776,0.031455813,5,3
dash pas,3,0.008864736,0.010525718,0.013877565,17,3
uber eats,3,0.008548193,0.012769145,0.018001972,109,3
bad luck,3,0.025452124,0,0,2,3
first order,3,0.006681182,0.018914943,0,5,2
incomplete order,3,0.012702568,0,0,1,1
only solution,3,0.009526926,0,0,1,1
time pass,3,0,0.016249201,0,1,3
customer service,3,0.015711989,0.006168097,0.023833631,115,1
someone elses,3,0,0.028490636,0,1,2
uber eats,3,0.008490487,0.012682945,0.017880447,109,1
uber eats,3,0.008456206,0.012631737,0.017808254,109,2
first order,3,0.006581066,0.018631507,0,5,3
uber eats,3,0.008416532,0.012572472,0.017724702,109,1
arrival time,3,0.000782312,0.010247565,0.02572216,3,2
extra fee,3,0,0.012487322,0.02572216,6,2
order arrives,2,0,0.052945753,0,1,2
customer service,3,0.015419416,0.00605324,0.023389824,115,3
re order,3,0.004501623,0.003644943,0.034156569,9,1
delivery fee,3,0.001665929,0.004505875,0.030072631,23,1
uber eats,3,0.008362922,0.012492391,0.017611803,109,2
missing item,3,0.012971409,0.00118567,0.003816703,20,3
star review,3,0,0.001900692,0.038167034,2,3
different place,3,0.003233685,0,0.057250551,4,3
next order,3,0.004616968,0.003695877,0.030360862,5,1
other person,3,0.004039847,0,0.037951078,2,1
luck next,3,0,0.025157875,0,1,2
be able,3,0.001920585,0.026980537,0,8,1
debit card,3,0.013652249,0.003490357,0,8,3
get food,3,0.014233924,0.009226278,0.012600174,6,1
full refund,3,0.002627801,0.014700957,0,7,1
menu option,3,0.00994591,0.006681137,0,2,3
multiple time,3,0.00739554,0.002047106,0.020553563,11,1
customer service,3,0.015057853,0.005911301,0.022841367,115,1
ur food,3,0.006481008,0.005066086,0.024039137,31,2
order direct,3,0,0.011531088,0,1,3
full refund,3,0.002574774,0.014404298,0,7,3
last night,3,0.008410927,0.000437204,0.044445269,5,1
customer service,3,0.014833637,0.00582328,0.022501252,115,1
only way,3,0.003935024,0,0,1,1
delivery driver,3,0.003744378,0.017389696,0.026861199,11,1
customer service,3,0.014764801,0.005796257,0.022396834,115,2
contact support,3,0.002417755,0.010356201,0.032706488,9,1
missing item,3,0.012402308,0.00113365,0.003649251,20,1
own food,3,0,0.02261531,0,2,2
exact same,3,0,0.005279897,0,3,2
dash pas,3,0.008227325,0.009768875,0.012879711,17,2
gift card,3,0.006122939,0.004087382,0.036414487,14,1
dash pas,3,0.008105833,0.009624619,0.012689516,17,3
delivery apps,3,0.004007492,0.013090463,0.011978631,6,3
be hot,3,0,0.023861098,0,1,2
missing item,3,0.012213135,0.001116359,0.003593589,20,3
gift card,3,0.005974555,0.003988328,0.035532015,14,1
uber eats,3,0.007722025,0.01153503,0.016262113,109,2
many time,3,0,0.035258227,0,7,2
support person,3,0.005688034,0.011641868,0,2,1
free trial,3,0.007568452,0.018625065,0,2,1
uber eats,3,0.007637365,0.011408567,0.016083825,109,1
customer service,3,0.01406977,0.005523406,0.021342536,115,1
only reason,3,0,0.00878202,0.019821482,7,1
timely manner,3,0.001004749,0.016582049,0.011562531,6,2
dash pas,3,0.007794977,0.009255518,0.012202879,17,3
re order,3,0.004050441,0.003279623,0.030733176,9,3
multiple item,3,0,0.022857843,0,1,1
ur food,3,0.005987772,0.004680533,0.022209642,31,1
customer service,3,0.013809507,0.005421234,0.020947741,115,2
delivery fee,3,0.001491992,0.004035426,0.02693281,23,2
right address,3,0,0.01145798,0,2,2
delivery driver,3,0.0034889,0.016203204,0.025028469,11,3
customer service,3,0.013679454,0.005370179,0.020750463,115,3
uber eats,3,0.007420392,0.011084456,0.015626893,109,1
countless time,3,0,0.000753997,0.045422169,3,2
other apps,3,0.005964979,0.000753997,0,5,2
be able,3,0.001726834,0.024258713,0,8,1
negative rating,3,0.008288805,0,0,1,3
full amount,3,0,0.020417524,0,7,2
delivery guy,3,0.01228543,0,0.03366172,2,3
owe money,3,0,0.017880855,0,1,2
promo code,3,0,0.013080896,0.022441147,3,1
calculate tip,3,0,0.039912622,0,1,1
dash pas,3,0.007588653,0.009010535,0.011879882,17,1
next thing,3,0.000846088,0,0,1,3
customer service,3,0.013395684,0.005258779,0.020320011,115,3
use grubhub,3,0.026238031,0,0,2,1
order arrive,3,0,0.000871687,0,1,2
customer service,3,0.01316982,0.00517011,0.019977395,115,2
service fee,3,0.002809655,0.013946729,0,3,1
pick ups,3,0,0.017433411,0,1,3
credit towards,3,0.004188387,0.005811137,0,2,3
take responsibility,3,0.011916368,0,0,1,2
regular basis,3,0,0.010752394,0,1,3
only reason,3,0,0.008192757,0.018491484,7,3
door dash,3,0.001873324,0.014339548,0.011557177,28,1
ur food,3,0.00557518,0.004358017,0.02067927,31,2
app crash,3,0.009399395,0,0.031996839,4,3
uber eats,3,0.006961048,0.010398295,0.014659542,109,1
few month,3,0.023323188,0,0,2,2
second time,3,0.003887198,0,0.042603239,6,2
uber eats,3,0.006959878,0.010396547,0.014657078,109,3
be nice,3,0,0.037576098,0,6,3
app crash,3,0.009386349,0,0.031952429,4,2
final straw,3,0.026686324,0,0,2,1
food arrive,3,0.016520105,0,0,2,2
uber eats,3,0.006825833,0.010196313,0.014374787,109,1
loyal customer,3,0.002399555,0.014044237,0,8,3
eat dinner,3,0.02278065,0,0,1,1
uber eats,3,0.006774921,0.010120262,0.01426757,109,3
star rating,3,0,0.020652304,0,1,3
uber eats,3,0.006750115,0.010083208,0.014215331,109,3
small percentage,3,0.005655064,0.004869816,0,2,2
quality control,3,0.005655064,0,0.030989421,2,1
dash pas,3,0.00698664,0.008295723,0.010937443,17,1
only thing,3,0.003141702,0.004928811,0.010329807,6,2
app crash,3,0.009103456,0,0.030989421,4,2
customer service,3,0.012396881,0.004866676,0.018804919,115,1
client do,3,0.052371434,0,0,1,1
customer service,3,0.012338853,0.004843896,0.018716896,115,2
uber eats,3,0.006697788,0.010005041,0.014105132,109,3
someone el,3,0.002278711,0.00919283,0.006136722,10,2
credit card,3,0.003188467,0.004979514,0.019177257,16,1
specialized team,3,0.00124428,0,0.040911483,3,3
complete opposite,3,0,0.006426473,0,2,2
uber eats,3,0.006638538,0.009916536,0.013980357,109,2
be nice,3,0,0.035073493,0,6,1
first time,3,0.000211612,0.01285606,0,16,2
customer service,3,0.011755623,0.004614935,0.017832189,115,2
real person,3,0,0.009573746,0,4,2
app crash,3,0.008486312,0,0.028888577,4,2
poor service,3,0.009631048,0,0,3,2
uber eats,3,0.006256844,0.009346367,0.013176532,109,1
delivery fee,3,0.001245338,0.003368294,0.022480309,23,3
company do,3,0.006989086,0.005631084,0.019149892,3,1
customer service,3,0.011440221,0.004491117,0.017353754,115,1
dash pas,3,0.006427589,0.007631924,0.010062261,17,1
door dash,3,0.001647022,0.012607292,0.01016104,28,1
uber eats,3,0.006197177,0.009257238,0.013050876,109,1
uber eats,3,0.006151348,0.009188779,0.012954363,109,1
make sure,3,0,0.025684366,0,7,2
someone el,3,0.002097274,0.008460876,0.005648102,10,2
dash pas,3,0.006366891,0.007559853,0.009967239,17,1
fix issue,3,0.016104477,0.001250096,0,2,1
re open,3,0.002290415,0.002392964,0.009413504,6,2
do anything,3,0.006453152,0.005139531,0.018827008,18,2
be miss,3,0.013662532,0,0,1,2
wrong order,3,0.020055956,0,0,2,3
whole hour,3,0,0.010462854,0,1,1
someone el,3,0.001977083,0.007975996,0.005324418,10,3
be deliver,3,0.001227376,0.005538737,0.021297672,10,2
different location,3,0.001349471,0,0.026622091,2,3
door dash,3,0.001541151,0.011796898,0.009507889,28,3
dollar coupon,3,0.005364149,0.03535364,0,2,1
extra fee,3,0,0.008521105,0.0175523,6,3
right address,3,0,0.008765897,0,2,2
menu price,3,0,0.002622277,0.02632845,2,3
ur food,3,0.004537736,0.003547066,0.016831219,31,3
uber eats,3,0.005663417,0.008459915,0.011926809,109,1
real person,3,0,0.008616612,0,4,1
customer service,3,0.010334828,0.00405717,0.015676975,115,2
grub hub,3,0.003714163,0.003711945,0.024240029,17,2
delivery fee,3,0.001116585,0.003020052,0.020156111,23,1
most part,3,0,0.027219252,0,2,2
uber eats,3,0.005571422,0.008322495,0.011733074,109,2
push notification,3,0,0.016417501,0,2,3
ur food,3,0.004448978,0.003477686,0.016502001,31,2
make sure,3,0,0.02326294,0,7,3
missing item,3,0.008538246,0.00078045,0.002512291,20,3
customer service,3,0.010081174,0.003957593,0.015292206,115,2
error message,3,0.005916416,0,0.024316214,2,3
debit card,3,0.008782181,0.002245267,0,8,3
single thing,3,0.005282515,0,0,1,1
other delivery,3,0.006951789,0.006054652,0,2,1
get food,3,0.00898856,0.005826289,0.007956865,6,3
delivery service,3,0.007412279,0.010654624,0,9,1
second time,3,0.002903996,0,0.031827461,6,1
different place,3,0.002022426,0,0.035805893,4,1
food bag,3,0,0.010942773,0,1,2
main reason,3,0,0.005260471,0,1,2
re order,3,0.002758098,0.002233219,0.020927379,9,3
other time,3,0.005410122,0.011162291,0,2,2
love uber,3,0,0.000230745,0,1,2
extra fee,3,0,0.0075918,0.01563806,6,1
customer service,3,0.009412724,0.003695177,0.014278229,115,2
uber eats,3,0.005109423,0.00763237,0.010760133,109,1
message say,3,0,0.028169474,0,1,3
dash pas,3,0.005217113,0.00619464,0.008167284,17,2
contact support,3,0.001511899,0.006476061,0.020452407,9,2
credit card,3,0.00239096,0.003734027,0.014380598,16,2
full time,3,0,0.014768476,0,2,2
only thing,3,0.002142303,0.003360919,0.007043819,6,3
extra fee,3,0,0.006839117,0.014087638,6,3
go get,3,0,0.001131674,0.028175276,3,2
be complete,3,0,0.033674617,0,1,2
credit card,3,0.002156186,0.003367373,0.01296853,16,2
first time,3,0.000149881,0.009105717,0,16,3
grub hub,3,0.002962154,0.002960385,0.019332135,17,2
live activity,3,0,0.011267368,0,1,1
ur food,3,0.003572734,0.002792742,0.013251867,31,3
customer service,3,0.008242329,0.003235712,0.012502848,115,2
delivery driver,3,0.002081259,0.009665815,0.014930415,11,3
menu price,3,0,0.002044692,0.020529321,2,1
door dash,3,0.001188441,0.009097043,0.0073319,28,2
customer service,3,0.008237885,0.003233968,0.012496108,115,2
only thing,3,0.002081259,0.003265151,0.006843107,6,1
inflated price,3,0.002424375,0,0,2,3
only problem,3,0,0.005580168,0.020497524,2,1
free trial,3,0.004424484,0.010888132,0,2,1
uber eats,3,0.00446477,0.006669398,0.009402534,109,1
grub hub,3,0.002955971,0.002954206,0.019291787,17,1
many time,3,0,0.020609679,0,7,3
ice cream,3,0,0.000840851,0.025327188,3,1
be deliver,3,0.000875757,0.003951999,0.015196313,10,2
delivery time,3,0.005648865,0.001504379,0.012663594,6,1
delivery option,3,0.005282056,0,0,1,2
delivery fee,3,0.000823527,0.002227412,0.014865958,23,2
full refund,3,0.001320514,0.007387475,0,7,3
arrival time,3,0.00038515,0.005045105,0.012663594,3,1
past couple,3,0.015020846,0,0,1,3
priority delivery,3,0.006354973,0.002522553,0.009497695,4,2